Id, Throughput in this window (events/second), Entire throughput for the run (events/second), Total elapsed time(s), Average latency per event in this window(ms), Entire Average latency per event for the run(ms), Total number of events received (non-atomic),AVG latency from start (90),AVG latency from start(95), AVG latency from start (99),AVG latency in this window(90),AVG latency in this window(95),AVG latency in this window(99)
1,350,350,28.493,365.7413,365.7413,10000,365,365,365,365,365,365
2,5793,661,30.221,292.4452,329.09325,20000,365,365,365,293,293,293
3,5154,932,32.162,527.9138,395.36676666666665,30000,395,395,395,527,527,527
4,7189,1192,33.554,814.7994,500.224925,40000,501,501,501,815,815,815
5,12062,1454,34.385,717.8968,543.7593,50000,543,543,543,719,719,719
6,12269,1704,35.201,611.98,555.1294166666667,60000,543,555,555,611,611,611
7,12195,1943,36.021,732.6743,580.4929714285714,70000,555,583,583,735,735,735
8,10881,2165,36.94,948.8415,626.5365375,80000,583,627,627,951,951,951
9,11695,2381,37.795,990.4134,666.9673,90000,627,667,667,991,991,991
10,11185,2584,38.69,1132.143,713.48487,100000,667,715,715,1135,1135,1135
11,10235,2773,39.668,1357.799,772.0588818181818,110000,715,715,775,1359,1359,1359
12,14367,2972,40.364,1681.41,847.8381416666666,120000,775,775,847,1687,1687,1687
13,13986,3164,41.079,1842.5999,924.3582769230769,130000,847,847,927,1847,1847,1847
14,15360,3354,41.73,1838.8955,989.6823642857142,140000,927,927,991,1839,1839,1839
15,11037,3518,42.636,2037.9888,1059.56946,150000,991,991,1063,2039,2039,2039
16,12239,3682,43.454,2428.4072,1145.12181875,160000,991,1063,1151,2431,2431,2431
17,11248,3833,44.343,2702.5621,1236.7359529411765,170000,1063,1151,1239,2703,2703,2703
18,10869,3976,45.263,3176.0669,1344.476561111111,180000,1151,1239,1351,3183,3183,3183
19,13623,4130,45.998,3353.5643,1450.2180210526317,190000,1239,1351,1455,3359,3359,3359
20,12391,4272,46.806,3441.7728,1549.79576,200000,1351,1455,1551,3455,3455,3455
21,13192,4415,47.564,3626.8313,1648.7022142857143,210000,1455,1551,1655,3631,3631,3631
22,15060,4561,48.229,3741.472,1743.8281136363637,220000,1551,1655,1743,3743,3743,3743
23,15625,4706,48.869,3798.3159,1833.1536695652173,230000,1655,1743,1839,3807,3807,3807
24,14556,4843,49.556,3865.5567,1917.8371291666667,240000,1743,1839,1919,3871,3871,3871
25,16181,4982,50.174,3951.6996,1999.191628,250000,1839,1919,1999,3951,3951,3951
26,12091,5097,51.001,4162.1136,2082.380934615385,260000,1839,1999,2095,4191,4191,4191
27,13888,5220,51.722,4354.9894,2166.5516185185184,270000,1919,2095,2175,4383,4383,4383
28,13831,5338,52.445,4531.1891,2251.002957142857,280000,1999,2175,2255,4543,4543,4543
29,15625,5462,53.085,4670.916,2334.448234482759,290000,2095,2255,2335,4671,4671,4671
30,14513,5578,53.774,4773.9723,2415.7657033333335,300000,2175,2335,2415,4799,4799,4799
31,13605,5687,54.509,4980.2101,2498.4897161290323,310000,2255,2335,2511,4991,4991,4991
32,14409,5796,55.203,5267.2744,2585.0142375,320000,2335,2415,2591,5279,5279,5279
33,15649,5909,55.842,5476.2989,2672.628924242424,330000,2415,2511,2687,5503,5503,5503
34,13623,6009,56.576,5635.4267,2759.770035294118,340000,2511,2591,2767,5663,5663,5663
35,16420,6120,57.185,5771.5576,2845.821108571429,350000,2591,2687,2847,5791,5791,5791
36,14705,6221,57.865,5833.8644,2928.822311111111,360000,2591,2767,2943,5855,5855,5855
37,15847,6325,58.496,5926.4454,3009.8391513513516,370000,2687,2847,3023,5951,5951,5951
38,14492,6420,59.186,6134.05,3092.0552263157897,380000,2767,2943,3103,6143,6143,6143
39,17006,6524,59.774,6221.7181,3172.3029923076924,390000,2847,3023,3183,6239,6239,6239
40,16339,6624,60.386,6351.4888,3251.7826375,400000,2943,3103,3263,6367,6367,6367
41,13986,6710,61.102,6468.7138,3330.2443731707317,410000,3023,3183,3343,6495,6495,6495
42,16722,6807,61.7,6503.114,3405.7888880952382,420000,3103,3263,3407,6527,6527,6527
43,14858,6893,62.375,6653.7502,3481.3228720930233,430000,3183,3343,3487,6655,6655,6655
44,14992,6979,63.043,6863.1905,3558.1835,440000,3263,3407,3567,6879,6879,6879
45,19342,7079,63.561,6897.3145,3632.386411111111,450000,3343,3487,3647,6911,6911,6911
46,16556,7169,64.165,6855.0696,3702.4447413043476,460000,3343,3567,3711,6879,6879,6879
47,13458,7241,64.908,6821.5353,3768.808370212766,470000,3407,3647,3775,6847,6847,6847
48,16393,7326,65.518,6961.624,3835.3253625,480000,3487,3711,3839,6975,6975,6975
49,16638,7410,66.12,6895.4951,3897.777806122449,490000,3567,3775,3903,6911,6911,6911
50,16638,7493,66.721,6620.4652,3952.231554,500000,3647,3839,3967,6623,6623,6623
51,16103,7573,67.343,6741.2546,4006.9182803921567,510000,3711,3839,3967,6751,6751,6751
52,17421,7656,67.917,6819.8836,4061.0137673076924,520000,3775,3903,4015,6847,6847,6847
53,15082,7728,68.58,6597.4341,4108.8707547169815,530000,3839,3967,4063,6623,6623,6623
54,15313,7799,69.233,6632.5186,4155.604974074074,540000,3903,4015,4127,6655,6655,6655
55,19230,7884,69.754,6700.8695,4201.882510909091,550000,3967,4063,4159,6719,6719,6719
56,15243,7953,70.41,6644.4943,4245.500578571428,560000,3967,4127,4223,6655,6655,6655
57,15898,8023,71.04,6644.7953,4287.593468421052,570000,4015,4159,4255,6655,6655,6655
58,17921,8100,71.598,6736.8225,4329.821555172413,580000,4063,4223,4287,6751,6751,6751
59,16286,8170,72.212,6669.3033,4369.473788135593,590000,4127,4255,4351,6687,6687,6687
60,17730,8244,72.776,6446.5092,4404.091045,600000,4159,4287,4383,6463,6463,6463
61,11737,8284,73.628,6629.5604,4440.574149180328,610000,4223,4351,4415,6655,6655,6655
62,14104,8340,74.337,6888.9648,4480.064320967742,620000,4255,4383,4447,6911,6911,6911
63,13513,8391,75.077,6795.9535,4516.824466666667,630000,4287,4415,4511,6815,6815,6815
64,15948,8453,75.705,7063.3143,4556.6133703125,640000,4351,4447,4543,7071,7071,7071
65,18348,8524,76.25,7071.1345,4595.298310769231,650000,4383,4511,4575,7071,7071,7071
66,14727,8579,76.929,6953.9388,4631.035287878788,660000,4383,4543,4607,6975,6975,6975
67,14184,8630,77.634,7046.0039,4667.079595522388,670000,4415,4575,4639,7071,7071,7071
68,18083,8697,78.187,7148.0603,4703.564605882353,680000,4447,4607,4671,7167,7167,7167
69,15748,8753,78.822,7100.1662,4738.29796231884,690000,4511,4639,4703,7103,7103,7103
70,16501,8813,79.428,7023.6443,4770.945767142857,700000,4543,4671,4767,7039,7039,7039
71,17825,8876,79.989,7159.6738,4804.589823943662,710000,4575,4671,4799,7167,7167,7167
72,16025,8931,80.613,7071.1328,4836.0695875,720000,4607,4703,4831,7071,7071,7071
73,16155,8986,81.233,6605.5083,4860.308473972603,730000,4639,4767,4863,6623,6623,6623
74,15898,9039,81.863,6705.797,4885.247508108108,740000,4671,4799,4863,6719,6719,6719
75,15673,9090,82.501,6725.5014,4909.784226666667,750000,4703,4831,4895,6751,6751,6751
76,16420,9144,83.11,6636.8136,4932.508297368421,760000,4703,4863,4927,6655,6655,6655
77,13333,9181,83.86,6790.1253,4956.633193506494,770000,4767,4863,4959,6815,6815,6815
78,16155,9233,84.479,6879.3665,4981.283620512821,780000,4799,4895,4959,6879,6879,6879
79,15576,9280,85.121,6745.3066,5003.613025316456,790000,4831,4927,4991,6751,6751,6751
80,16000,9329,85.746,6723.9743,5025.11754125,800000,4863,4959,5023,6751,6751,6751
81,18050,9385,86.301,6869.0446,5047.882072839506,810000,4863,4959,5055,6879,6879,6879
82,15432,9430,86.949,6890.2024,5070.349393902439,820000,4895,4991,5055,6911,6911,6911
83,15174,9474,87.608,6784.6096,5091.003131325301,830000,4927,5023,5087,6815,6815,6815
84,16891,9523,88.2,6923.8321,5112.822523809524,840000,4959,5055,5119,6943,6943,6943
85,16000,9569,88.825,6968.8214,5134.657804705882,850000,4959,5055,5119,6975,6975,6975
86,16260,9615,89.44,6749.4017,5153.433896511628,860000,4959,5087,5151,6751,6751,6751
87,16207,9660,90.059,6838.4415,5172.8018,870000,4991,5119,5183,6847,6847,6847
88,16051,9704,90.682,6778.1536,5191.044434090909,880000,5023,5119,5183,6783,6783,6783
89,14104,9738,91.391,6599.5309,5206.870124719101,890000,5055,5151,5215,6623,6623,6623
90,17064,9785,91.977,6664.1434,5223.06205,900000,5055,5183,5215,6687,6687,6687
91,19801,9839,92.482,6722.3743,5239.538008791209,910000,5087,5183,5247,6751,6751,6751
92,15772,9880,93.116,6609.921,5254.433476086957,920000,5119,5183,5247,6623,6623,6623
93,16051,9921,93.739,6636.8449,5269.2981150537635,930000,5119,5215,5279,6655,6655,6655
94,16949,9965,94.329,6749.301,5285.042826595744,940000,5151,5215,5279,6751,6751,6751
95,17331,10009,94.906,6682.2699,5299.75048,950000,5183,5247,5311,6687,6687,6687
96,15197,10045,95.564,6497.3745,5312.2257302083335,960000,5183,5247,5311,6527,6527,6527
97,14970,10079,96.232,6763.0945,5327.183140206185,970000,5183,5279,5343,6783,6783,6783
98,15015,10113,96.898,6788.1709,5342.091178571429,980000,5215,5279,5343,6815,6815,6815
99,12853,10135,97.676,6695.011,5355.757035353536,990000,5215,5311,5343,6719,6719,6719
100,11402,10146,98.553,6931.8288,5371.517753,1000000,5247,5311,5375,6943,6943,6943
101,17889,10190,99.112,7147.8452,5389.105153465346,1010000,5247,5343,5375,7167,7167,7167
102,12903,10211,99.887,7086.8117,5405.749335294117,1020000,5279,5343,5407,7103,7103,7103
103,12254,10227,100.705,7285.9366,5424.003580582525,1030000,5279,5343,5407,7295,7295,7295
104,22624,10281,101.148,7407.1363,5443.072164423077,1040000,5311,5375,5439,7423,7423,7423
105,10277,10281,102.121,7478.7622,5462.459688571428,1050000,5311,5375,5471,7487,7487,7487
106,10319,10282,103.09,7744.1877,5483.985424528302,1060000,5311,5407,5471,7775,7775,7775
107,11560,10292,103.956,8180.0455,5509.182247663552,1070000,5343,5407,5503,8191,8191,8191
108,10245,10292,104.932,8510.8875,5536.975814814815,1080000,5343,5439,5535,8511,8511,8511
109,13586,10315,105.668,8492.9497,5564.094841284404,1090000,5343,5471,5567,8511,8511,8511
110,12953,10334,106.44,8612.6714,5591.809173636364,1100000,5375,5471,5567,8639,8639,8639
111,16155,10368,107.059,8640.3182,5619.273218918919,1110000,5375,5471,5599,8703,8703,8703
112,14925,10396,107.729,8317.8354,5643.367524107143,1120000,5407,5503,5631,8319,8319,8319
113,17452,10433,108.302,8316.2151,5667.021042477876,1130000,5407,5535,5663,8319,8319,8319
114,17857,10471,108.862,8352.7454,5690.580028070175,1140000,5439,5567,5695,8383,8383,8383
115,13966,10494,109.578,8205.5265,5712.449127826087,1150000,5471,5567,5695,8255,8255,8255
116,15625,10524,110.218,8243.2152,5734.266076724138,1160000,5471,5599,5727,8255,8255,8255
117,12836,10540,110.997,8152.0184,5754.930626495727,1170000,5471,5631,5759,8159,8159,8159
118,9523,10531,112.047,8088.6142,5774.7076059322035,1180000,5503,5663,5759,8095,8095,8095
119,15060,10557,112.711,7514.96,5789.331575630252,1190000,5535,5695,5791,7519,7519,7519
120,19267,10597,113.231,7471.8769,5803.352786666666,1200000,5567,5695,5791,7487,7487,7487
121,15082,10623,113.894,7424.0535,5816.747007438016,1210000,5567,5727,5823,7455,7455,7455
122,14577,10647,114.58,7121.765,5827.4438762295085,1220000,5599,5759,5823,7135,7135,7135
123,11947,10657,115.417,7362.9914,5839.928002439025,1230000,5631,5759,5855,7391,7391,7391
124,10917,10659,116.333,7788.1728,5855.6396540322585,1240000,5663,5791,5855,7807,7807,7807
125,8605,10638,117.495,8224.2931,5874.5888816,1250000,5695,5791,5855,8255,8255,8255
126,10405,10636,118.456,8636.3213,5896.507392857143,1260000,5695,5823,5887,8639,8639,8639
127,14903,10660,119.127,8863.2604,5919.8676527559055,1270000,5695,5823,5919,8895,8895,8895
128,12562,10673,119.923,8780.0756,5942.21302734375,1280000,5727,5855,5919,8831,8831,8831
129,11655,10680,120.781,8540.9277,5962.358102325581,1290000,5759,5855,5951,8575,8575,8575
130,13755,10698,121.508,8734.9176,5983.685483076923,1300000,5759,5855,5983,8767,8767,8767
131,14224,10719,122.211,8840.8136,6005.495621374046,1310000,5791,5855,5983,8895,8895,8895
132,11481,10724,123.082,8911.8341,6027.513337121212,1320000,5791,5887,6015,8959,8959,8959
133,15267,10748,123.737,9136.5971,6050.889906766917,1330000,5823,5919,6047,9151,9151,9151
134,9587,10738,124.78,9212.7648,6074.485988059701,1340000,5823,5919,6079,9215,9215,9215
135,19193,10773,125.302,8802.7201,6094.695129629629,1350000,5855,5951,6079,8831,8831,8831
136,16181,10800,125.92,8498.904,6112.373136029411,1360000,5855,5983,6111,8511,8511,8511
137,15576,10824,126.562,8283.1807,6128.218446715328,1370000,5855,5983,6143,8319,8319,8319
138,14471,10844,127.253,7856.0983,6140.739315217391,1380000,5855,6015,6143,7871,7871,7871
139,13642,10860,127.986,7701.8866,6151.970590647482,1390000,5887,6047,6143,7711,7711,7711
140,9225,10846,129.07,8138.1659,6166.1577,1400000,5919,6079,6175,8159,8159,8159
141,16420,10873,129.679,8101.6915,6179.884890070922,1410000,5919,6079,6175,8127,8127,8127
142,15552,10896,130.322,7831.6477,6191.517022535211,1420000,5951,6111,6207,7839,7839,7839
143,15128,10917,130.983,7844.0931,6203.073498601399,1430000,5983,6143,6207,7871,7871,7871
144,11918,10923,131.822,7862.9683,6214.600545833333,1440000,5983,6143,6207,7871,7871,7871
145,16233,10948,132.439,7706.2724,6224.887937931035,1450000,6015,6143,6239,7711,7711,7711
146,12547,10957,133.236,7847.7735,6236.003592465753,1460000,6015,6175,6239,7871,7871,7871
147,15151,10978,133.896,7903.6668,6247.348240136054,1470000,6047,6175,6239,7903,7903,7903
148,15197,10999,134.555,7800.3888,6257.841757432432,1480000,6079,6207,6271,7807,7807,7807
149,13245,11011,135.31,7890.5687,6268.799656375839,1490000,6079,6207,6271,7903,7903,7903
150,17793,11039,135.872,8023.1033,6280.495014,1500000,6111,6207,6271,8031,8031,8031
151,16393,11063,136.482,7606.6393,6289.277426490066,1510000,6143,6207,6271,7615,7615,7615
152,12091,11069,137.309,7306.1995,6295.967703289473,1520000,6143,6239,6303,7327,7327,7327
153,13404,11082,138.055,7501.738,6303.848554901961,1530000,6143,6239,6303,7519,7519,7519
154,15015,11101,138.721,7711.6215,6312.989937662338,1540000,6175,6239,6303,7711,7711,7711
155,15576,11122,139.363,7420.6202,6320.135939354839,1550000,6175,6271,6303,7423,7423,7423
156,15455,11142,140.01,7485.2715,6327.604757051282,1560000,6175,6271,6335,7487,7487,7487
157,18832,11171,140.541,7406.8458,6334.478903821656,1570000,6207,6271,6335,7423,7423,7423
158,10976,11169,141.452,7241.7487,6340.221117721519,1580000,6207,6303,6335,7263,7263,7263
159,13422,11181,142.197,7593.0156,6348.100328301887,1590000,6207,6303,6335,7615,7615,7615
160,14814,11198,142.872,7558.3359,6355.664300625,1600000,6239,6303,6367,7583,7583,7583
161,15128,11216,143.533,7419.3436,6362.271004347826,1610000,6239,6303,6367,7423,7423,7423
162,10020,11208,144.532,7421.1503,6368.807296296296,1620000,6239,6335,6367,7423,7423,7423
163,22222,11242,144.982,7815.8552,6377.684890797546,1630000,6271,6335,6367,7839,7839,7839
164,14619,11258,145.666,7611.985,6385.21111097561,1640000,6271,6335,6399,7615,7615,7615
165,14705,11274,146.346,7419.0978,6391.477090909091,1650000,6271,6335,6399,7423,7423,7423
166,17301,11298,146.924,7535.9686,6398.3716180722895,1660000,6271,6367,6399,7551,7551,7551
167,15360,11316,147.575,7478.2327,6404.837852095809,1670000,6303,6367,6399,7487,7487,7487
168,15360,11333,148.227,7317.1142,6410.268068452381,1680000,6303,6367,6399,7327,7327,7327
169,17543,11357,148.798,7362.1342,6415.9004124260355,1690000,6303,6367,6431,7391,7391,7391
170,16366,11378,149.409,7233.5085,6420.709871764706,1700000,6303,6399,6431,7263,7263,7263
171,16181,11397,150.027,6982.5047,6423.995221637427,1710000,6335,6399,6431,7007,7007,7007
172,15432,11415,150.675,7093.5468,6427.887963372093,1720000,6335,6399,6431,7103,7103,7103
173,16694,11436,151.274,7189.1965,6432.288590751445,1730000,6335,6399,6431,7199,7199,7199
174,17182,11458,151.856,6870.7049,6434.808224712644,1740000,6335,6399,6431,6879,6879,6879
175,15197,11474,152.514,6700.3737,6436.325741714286,1750000,6367,6399,6463,6719,6719,6719
176,19920,11501,153.017,6769.6156,6438.219434090909,1760000,6367,6431,6463,6783,6783,6783
177,18315,11526,153.563,6622.2096,6439.258926553673,1770000,6367,6431,6463,6623,6623,6623
178,15015,11541,154.229,6452.2016,6439.331638202248,1780000,6367,6431,6463,6463,6463,6463
179,18148,11564,154.78,6591.1636,6440.179861452514,1790000,6367,6431,6463,6591,6591,6591
180,16339,11583,155.392,6634.5788,6441.259855555556,1800000,6399,6431,6463,6655,6655,6655
181,17391,11605,155.967,6351.6234,6440.764626519337,1810000,6399,6431,6463,6367,6367,6367
182,15128,11619,156.628,6473.5661,6440.944854395604,1820000,6399,6463,6463,6495,6495,6495
183,19193,11644,157.149,6517.9815,6441.365819672131,1830000,6399,6463,6463,6527,6527,6527
184,15576,11660,157.791,6361.2547,6440.9304331521735,1840000,6399,6463,6463,6367,6367,6367
185,15082,11675,158.454,6447.7206,6440.967136756757,1850000,6431,6463,6463,6463,6463,6463
186,20491,11702,158.942,6506.7848,6441.320995161291,1860000,6431,6463,6463,6527,6527,6527
187,17985,11724,159.498,6371.7898,6440.949170588236,1870000,6431,6463,6463,6399,6399,6399
188,15527,11739,160.142,6241.781,6439.889765425532,1880000,6431,6463,6463,6271,6271,6271
189,18903,11763,160.672,6405.8549,6439.709686772487,1890000,6431,6463,6463,6431,6431,6431
190,15151,11776,161.332,6450.0306,6439.764007368421,1900000,6431,6463,6463,6463,6463,6463
191,14970,11790,162.0,6333.4597,6439.207440314136,1910000,6431,6463,6463,6335,6335,6335
192,15948,11806,162.627,6511.2814,6439.5828255208335,1920000,6463,6463,6463,6527,6527,6527
193,17605,11826,163.196,6624.036,6440.538541450777,1930000,6463,6463,6463,6655,6655,6655
194,17953,11847,163.753,6411.255,6440.387595360825,1940000,6463,6463,6463,6431,6431,6431
195,15151,11860,164.414,6507.0218,6440.729309230769,1950000,6463,6463,6463,6527,6527,6527
196,17761,11880,164.977,6611.4009,6441.600082653061,1960000,6463,6463,6463,6623,6623,6623
197,15220,11893,165.634,6531.0336,6442.054059898477,1970000,6463,6463,6463,6559,6559,6559
198,15898,11908,166.263,6560.6355,6442.652956060606,1980000,6463,6463,6463,6591,6591,6591
199,17985,11929,166.819,6671.6543,6443.803716582915,1990000,6463,6463,6463,6687,6687,6687
200,16129,11944,167.439,6653.2194,6444.850795,2000000,6463,6463,6463,6655,6655,6655
201,12642,11947,168.23,6620.3457,6445.7239039801,2010000,6463,6463,6463,6623,6623,6623
202,17152,11965,168.813,6818.0861,6447.567281188119,2020000,6463,6463,6463,6847,6847,6847
203,19011,11987,169.339,6810.7456,6449.3563369458125,2030000,6463,6463,6463,6815,6815,6815
204,15847,12002,169.97,6517.0835,6449.688332843138,2040000,6463,6463,6463,6527,6527,6527
205,17921,12021,170.528,6634.5538,6450.590115609756,2050000,6463,6463,6463,6655,6655,6655
206,18761,12042,171.061,6686.0674,6451.733209223301,2060000,6463,6463,6463,6687,6687,6687
207,15923,12056,171.689,6517.9642,6452.053165700483,2070000,6463,6463,6463,6527,6527,6527
208,17513,12074,172.26,6579.8727,6452.667682692308,2080000,6463,6463,6463,6591,6591,6591
209,15847,12088,172.892,6651.5974,6453.619499521531,2090000,6463,6463,6463,6655,6655,6655
210,17035,12105,173.479,6586.0087,6454.249924285714,2100000,6463,6463,6463,6591,6591,6591
211,15337,12117,174.131,6512.312,6454.5251,2110000,6463,6463,6463,6527,6527,6527
212,21052,12141,174.606,6487.4273,6454.680299056604,2120000,6463,6463,6463,6495,6495,6495
213,15552,12154,175.249,6390.8471,6454.380612676056,2130000,6463,6463,6463,6399,6399,6399
214,16920,12170,175.84,6221.1766,6453.290874299066,2140000,6463,6463,6463,6239,6239,6239
215,19646,12191,176.349,6348.8228,6452.80497627907,2150000,6463,6463,6463,6367,6367,6367
216,17921,12209,176.907,6414.301,6452.6267171296295,2160000,6463,6463,6463,6431,6431,6431
217,15527,12221,177.552,6228.4284,6451.59354516129,2170000,6463,6463,6463,6239,6239,6239
218,15384,12233,178.202,6411.3321,6451.4088596330275,2180000,6463,6463,6463,6431,6431,6431
219,15923,12246,178.83,6496.0479,6451.61269086758,2190000,6463,6463,6463,6527,6527,6527
220,15384,12257,179.48,6429.308,6451.511305909091,2200000,6463,6463,6463,6431,6431,6431
221,15220,12268,180.137,6516.9685,6451.807492307692,2210000,6463,6463,6463,6527,6527,6527
222,19193,12288,180.658,6671.876,6452.798791891892,2220000,6463,6463,6463,6687,6687,6687
223,15082,12298,181.322,6592.5557,6453.425504484305,2230000,6463,6463,6463,6623,6623,6623
224,15948,12311,181.949,6522.8725,6453.735535714286,2240000,6463,6463,6463,6527,6527,6527
225,17636,12327,182.517,6636.3111,6454.546982666667,2250000,6463,6463,6463,6655,6655,6655
226,17543,12343,183.087,6659.9184,6455.455705752212,2260000,6463,6463,6463,6687,6687,6687
227,16103,12356,183.708,6521.0016,6455.744454185022,2270000,6463,6463,6463,6527,6527,6527
228,14880,12365,184.38,6709.7395,6456.85846754386,2280000,6463,6463,6463,6719,6719,6719
229,16611,12379,184.982,6817.6498,6458.433975545851,2290000,6463,6463,6463,6847,6847,6847
230,13831,12385,185.705,6630.2967,6459.181204782609,2300000,6463,6463,6463,6655,6655,6655
231,14641,12393,186.388,6720.3,6460.31158917749,2310000,6463,6463,6463,6751,6751,6751
232,16611,12407,186.99,6876.1515,6462.104002586207,2320000,6463,6463,6463,6879,6879,6879
233,11337,12402,187.872,6844.9614,6463.747167381975,2330000,6463,6463,6463,6847,6847,6847
234,12755,12403,188.656,7078.271,6466.373337606838,2340000,6463,6463,6463,7103,7103,7103
235,15082,12412,189.319,7315.5498,6469.986854468085,2350000,6463,6463,6463,7327,7327,7327
236,14556,12420,190.006,7304.5333,6473.523068220339,2360000,6463,6463,6495,7327,7327,7327
237,16835,12434,190.6,7217.8617,6476.6637375527425,2370000,6463,6463,6495,7231,7231,7231
238,15015,12443,191.266,7382.9906,6480.471833613446,2380000,6463,6463,6495,7391,7391,7391
239,18450,12460,191.808,7426.9093,6484.431823012553,2390000,6463,6463,6495,7455,7455,7455
240,16611,12473,192.41,7169.8082,6487.287557916667,2400000,6463,6463,6495,7199,7199,7199
241,16339,12485,193.022,7244.94,6490.431343983402,2410000,6463,6463,6495,7263,7263,7263
242,16722,12498,193.62,7232.1174,6493.496162396694,2420000,6463,6463,6495,7263,7263,7263
243,14492,12505,194.31,6971.0477,6495.461395061729,2430000,6463,6463,6495,6975,6975,6975
244,13513,12509,195.05,6972.2134,6497.415296721311,2440000,6463,6463,6495,6975,6975,6975
245,17574,12524,195.62,7019.2212,6499.545116734694,2450000,6463,6463,6495,7039,7039,7039
246,15243,12533,196.276,6742.0223,6500.530796341463,2460000,6463,6495,6527,6751,6751,6751
247,15313,12542,196.929,6686.6951,6501.284497975708,2470000,6463,6495,6527,6687,6687,6687
248,17730,12557,197.494,6799.4608,6502.486821774193,2480000,6463,6495,6527,6815,6815,6815
249,8673,12534,198.647,7177.7276,6505.198632128514,2490000,6463,6495,6527,7199,7199,7199
250,9920,12521,199.655,7351.1225,6508.5823276,2500000,6463,6495,6527,7359,7359,7359
251,5583,12459,201.447,8303.3773,6515.732905179283,2510000,6463,6495,6527,8319,8319,8319
252,15479,12461,202.23,9140.7326,6526.149570634921,2520000,6463,6495,6527,9151,9151,9151
253,13531,12464,202.969,9035.9649,6536.069789328063,2530000,6463,6495,6527,9087,9087,9087
254,8488,12442,204.147,9443.1247,6547.514887401575,2540000,6463,6495,6527,9471,9471,9471
255,7674,12411,205.45,10084.3185,6561.384705490196,2550000,6463,6495,6527,10111,10111,10111
256,11778,12409,206.299,10393.2793,6576.35304375,2560000,6463,6495,6559,10431,10431,10431
257,12165,12408,207.122,10760.7624,6592.634792217898,2570000,6463,6527,6559,10815,10815,10815
258,1917,12150,212.336,15385.0478,6626.713912403101,2580000,6463,6527,6591,15423,15423,15423
259,14684,12158,213.017,15435.1586,6660.723351351351,2590000,6463,6527,6591,15487,15487,15487
260,16920,12171,213.609,15329.0594,6694.0631053846155,2600000,6495,6527,6623,15359,15359,15359
261,20876,12191,214.088,15135.5373,6726.405918390805,2610000,6495,6527,6655,15167,15167,15167
262,14144,12197,214.795,14677.8487,6756.754936641221,2620000,6495,6527,6687,14719,14719,14719
263,16207,12209,215.412,13057.4074,6780.711790114068,2630000,6495,6527,6719,13119,13119,13119
264,15923,12219,216.04,13136.7449,6804.7876731060605,2640000,6495,6527,6751,13183,13183,13183
265,17391,12233,216.615,13111.4157,6828.586269433962,2650000,6495,6527,6783,13119,13119,13119
266,17985,12248,217.171,11704.9507,6846.918466541353,2660000,6495,6559,6783,11711,11711,11711
267,15673,12258,217.809,11540.7642,6864.498413108614,2670000,6495,6559,6815,11583,11583,11583
268,16000,12269,218.434,11536.3731,6881.930781343283,2680000,6495,6591,6847,11583,11583,11583
269,17361,12282,219.01,8688.9364,6888.6482743494425,2690000,6495,6591,6847,8703,8703,8703
270,16207,12293,219.627,6553.1443,6887.405667037037,2700000,6495,6623,6879,6559,6559,6559
271,16666,12305,220.227,6607.2963,6886.372053136532,2710000,6527,6623,6911,6623,6623,6623
272,17730,12319,220.791,6591.9357,6885.289566544117,2720000,6527,6655,6911,6591,6591,6591
273,13333,12322,221.541,6476.6854,6883.792847985348,2730000,6527,6687,6911,6495,6495,6495
274,19342,12339,222.058,6650.8501,6882.942691970803,2740000,6527,6719,6911,6655,6655,6655
275,15797,12348,222.691,6732.496,6882.395613090909,2750000,6527,6751,6911,6751,6751,6751
276,17301,12361,223.269,6421.521,6880.725777536232,2760000,6527,6783,6911,6431,6431,6431
277,17271,12374,223.848,6574.5221,6879.620349097473,2770000,6527,6783,6911,6591,6591,6591
278,16339,12385,224.46,6672.8014,6878.876396043165,2780000,6527,6815,6911,6687,6687,6687
279,16051,12395,225.083,6549.7943,6877.696890322581,2790000,6527,6847,6911,6559,6559,6559
280,15974,12405,225.709,6558.3611,6876.5564053571425,2800000,6527,6847,6911,6559,6559,6559
281,21413,12423,226.176,6607.4654,6875.598786120996,2810000,6559,6879,6911,6623,6623,6623
282,16181,12434,226.794,6499.9321,6874.266634751773,2820000,6559,6879,6911,6527,6527,6527
283,16638,12445,227.396,6426.664,6872.685,2830000,6591,6879,6911,6431,6431,6431
284,14471,12451,228.087,6587.2026,6871.67978028169,2840000,6591,6879,6911,6591,6591,6591
285,16611,12462,228.689,6695.99,6871.063324912281,2850000,6623,6879,6911,6719,6719,6719
286,16155,12472,229.308,6455.5095,6869.610339510489,2860000,6623,6879,6911,6463,6463,6463
287,16501,12482,229.914,6583.7327,6868.614250174216,2870000,6655,6879,6911,6591,6591,6591
288,16611,12493,230.516,6646.7236,6867.843796527778,2880000,6687,6879,6911,6655,6655,6655
289,18761,12508,231.05,6480.6504,6866.504026989619,2890000,6719,6879,6911,6495,6495,6495
290,15174,12515,231.709,6650.7115,6865.759914827586,2900000,6751,6879,6911,6655,6655,6655
291,16447,12525,232.317,6646.3508,6865.00593161512,2910000,6783,6879,6911,6655,6655,6655
292,15174,12533,232.976,6557.0339,6863.951232876712,2920000,6783,6879,6911,6559,6559,6559
293,16611,12543,233.578,6554.3072,6862.894427303754,2930000,6815,6879,6911,6559,6559,6559
294,19230,12558,234.098,6687.831,6862.298973469387,2940000,6847,6879,6911,6687,6687,6687
295,12048,12557,234.928,6717.9904,6861.809791864407,2950000,6847,6879,6911,6719,6719,6719
296,10787,12550,235.855,6799.1625,6861.598145608108,2960000,6847,6879,6911,6815,6815,6815
297,11248,12545,236.744,7218.8179,6862.800905723906,2970000,6879,6879,6911,7231,7231,7231
298,14577,12551,237.43,7501.0882,6864.942809395973,2980000,6879,6879,6911,7519,7519,7519
299,16000,12560,238.055,7308.4706,6866.426179933111,2990000,6879,6879,6911,7327,7327,7327
300,17513,12571,238.626,7467.8104,6868.430794,3000000,6879,6879,6911,7487,7487,7487
301,19083,12586,239.15,7551.0688,6870.69869435216,3010000,6879,6879,6911,7551,7551,7551
302,15360,12593,239.801,7364.9834,6872.335398675496,3020000,6879,6879,6911,7391,7391,7391
303,15360,12601,240.452,7388.1768,6874.037845544554,3030000,6879,6879,6911,7391,7391,7391
304,23752,12620,240.873,7345.0823,6875.587333881579,3040000,6879,6879,6911,7359,7359,7359
305,14749,12626,241.551,7249.0301,6876.8117363934425,3050000,6879,6879,6911,7263,7263,7263
306,13550,12629,242.289,7417.0153,6878.57710751634,3060000,6879,6879,6911,7423,7423,7423
307,19646,12644,242.798,7334.2459,6880.0613706840395,3070000,6879,6879,6911,7359,7359,7359
308,15649,12652,243.438,7060.2459,6880.64638538961,3080000,6879,6879,6911,7071,7071,7071
309,15625,12659,244.078,6528.4792,6879.506685760518,3090000,6879,6879,6911,6559,6559,6559
310,19801,12674,244.583,6608.59,6878.632760967742,3100000,6879,6879,6911,6623,6623,6623
311,17605,12686,245.151,6490.8958,6877.386018327974,3110000,6879,6879,6911,6495,6495,6495
312,14947,12692,245.82,6398.2621,6875.85036474359,3120000,6879,6879,6911,6399,6399,6399
313,13774,12695,246.547,6743.7748,6875.428398083067,3130000,6879,6879,6911,6751,6751,6751
314,16977,12705,247.136,6775.1942,6875.10918089172,3140000,6879,6879,6911,6783,6783,6783
315,16077,12714,247.758,6647.0514,6874.385187936508,3150000,6879,6879,6911,6655,6655,6655
316,15267,12720,248.413,6706.5693,6873.854125,3160000,6879,6879,6911,6719,6719,6719
317,19047,12734,248.938,6803.6427,6873.632637854889,3170000,6879,6879,6911,6815,6815,6815
318,14705,12739,249.618,6726.2857,6873.169282704403,3180000,6879,6879,6911,6751,6751,6751
319,16155,12747,250.237,6609.5546,6872.3429043887145,3190000,6879,6879,6911,6623,6623,6623
320,15576,12755,250.88,6788.6889,6872.081485625,3200000,6879,6879,6911,6815,6815,6815
321,14556,12760,251.567,6913.1317,6872.209367912773,3210000,6879,6879,6911,6943,6943,6943
322,15037,12766,252.232,6790.3689,6871.955204968944,3220000,6879,6879,6911,6815,6815,6815
323,9661,12753,253.267,7063.7443,6872.548979256966,3230000,6879,6879,6911,7071,7071,7071
324,11312,12748,254.151,7539.6143,6874.607822839506,3240000,6879,6879,6911,7551,7551,7551
325,6157,12706,255.775,8175.1722,6878.609559384616,3250000,6879,6879,6911,8191,8191,8191
326,14749,12711,256.453,8556.4766,6883.756390797546,3260000,6879,6879,6911,8575,8575,8575
327,17301,12722,257.031,8581.9857,6888.949752599388,3270000,6879,6879,6911,8639,8639,8639
328,12970,12722,257.802,8679.4339,6894.408545731707,3280000,6879,6879,6911,8703,8703,8703
329,5740,12676,259.544,9213.0903,6901.456210638298,3290000,6879,6879,6911,9215,9215,9215
330,1858,12456,264.925,14444.1312,6924.3128015151515,3300000,6879,6879,6911,14463,14463,14463
331,17761,12467,265.488,14668.6286,6947.709525981873,3310000,6879,6879,6911,14719,14719,14719
332,12210,12466,266.307,14438.6001,6970.27244939759,3320000,6879,6911,6911,14463,14463,14463
333,15600,12474,266.949,14700.4034,6993.486055855856,3330000,6879,6911,6943,14719,14719,14719
334,11890,12472,267.79,14879.1819,7017.095923652694,3340000,6879,6911,6975,14911,14911,14911
335,11261,12468,268.678,14531.4447,7039.5268155223885,3350000,6879,6911,6975,14591,14591,14591
336,13003,12469,269.447,14626.0665,7062.105802678571,3360000,6879,6911,7007,14655,14655,14655
337,15408,12477,270.096,13659.3461,7081.682183382789,3370000,6879,6911,7039,13695,13695,13695
338,13071,12478,270.861,13615.3476,7101.01255443787,3380000,6879,6911,7039,13631,13631,13631
339,14577,12484,271.547,13865.8513,7120.967830973451,3390000,6879,6911,7071,13887,13887,13887
340,15847,12491,272.178,13400.4564,7139.436915,3400000,6879,6911,7103,13439,13439,13439
341,12787,12492,272.961,10765.4451,7150.070370087977,3410000,6879,6911,7103,10815,10815,10815
342,14005,12496,273.675,7888.4918,7152.229497076023,3420000,6879,6911,7135,7903,7903,7903
343,15060,12502,274.339,8072.433,7154.912306122449,3430000,6879,6911,7167,8095,8095,8095
344,11049,12497,275.245,8133.8558,7157.758072093024,3440000,6879,6911,7167,8159,8159,8159
345,15503,12504,275.89,8043.6621,7160.3259098550725,3450000,6879,6911,7167,8063,8063,8063
346,13717,12508,276.619,8112.7917,7163.07870115607,3460000,6879,6911,7167,8127,8127,8127
347,14164,12512,277.325,7920.2862,7165.260855331412,3470000,6879,6943,7167,7935,7935,7935
348,10384,12504,278.289,7762.2756,7166.976414942529,3480000,6879,6975,7167,7775,7775,7775
349,14513,12509,278.978,7975.038,7169.29177765043,3490000,6879,6975,7167,7999,7999,7999
350,18148,12521,279.53,8025.5237,7171.738154571429,3500000,6911,7007,7167,8031,8031,8031
351,16778,12530,280.126,7811.3661,7173.560456410257,3510000,6911,7007,7167,7839,7839,7839
352,12406,12529,280.932,7859.8358,7175.510102272728,3520000,6911,7039,7167,7871,7871,7871
353,21141,12544,281.405,7830.0854,7177.364423229462,3530000,6911,7039,7199,7839,7839,7839
354,12953,12545,282.177,7688.6236,7178.808658192091,3540000,6911,7071,7199,7711,7711,7711
355,16077,12553,282.799,7560.7778,7179.884627605634,3550000,6911,7103,7199,7583,7583,7583
356,17985,12563,283.355,7531.1311,7180.871275,3560000,6911,7103,7199,7551,7551,7551
357,16313,12571,283.968,7398.9566,7181.482158263305,3570000,6911,7135,7199,7423,7423,7423
358,13315,12573,284.719,7217.8093,7181.583630726257,3580000,6911,7167,7199,7231,7231,7231
359,14224,12577,285.423,7414.4268,7182.2322189415045,3590000,6911,7167,7199,7423,7423,7423
360,15625,12584,286.063,7135.1967,7182.101564722222,3600000,6911,7167,7199,7135,7135,7135
361,14992,12590,286.73,6952.4828,7181.46550166205,3610000,6911,7167,7199,6975,6975,6975
362,16025,12597,287.354,7067.9375,7181.15188839779,3620000,6911,7167,7199,7071,7071,7071
363,15649,12604,287.993,7097.378,7180.921106336088,3630000,6911,7167,7199,7103,7103,7103
364,15037,12610,288.658,7044.007,7180.544968681319,3640000,6911,7167,7199,7071,7071,7071
365,15948,12617,289.286,7010.0053,7180.077736712329,3650000,6911,7167,7199,7039,7039,7039
366,15723,12624,289.922,7136.0525,7179.957449180328,3660000,6911,7167,7199,7167,7167,7167
367,14992,12629,290.589,7147.5517,7179.86915013624,3670000,6943,7199,7199,7167,7167,7167
368,11778,12627,291.438,7148.3174,7179.783411684783,3680000,6975,7199,7199,7167,7167,7167
369,14925,12632,292.108,7414.4458,7180.419353116531,3690000,6975,7199,7199,7423,7423,7423
370,15772,12639,292.742,7402.2688,7181.018946216216,3700000,7007,7199,7199,7423,7423,7423
371,16233,12646,293.358,7047.6372,7180.659426684636,3710000,7039,7199,7199,7071,7071,7071
372,14104,12650,294.067,7196.0767,7180.700870967742,3720000,7039,7199,7199,7199,7199,7199
373,15479,12656,294.714,7258.9112,7180.910550134048,3730000,7071,7199,7199,7263,7263,7263
374,15015,12661,295.38,7115.5314,7180.735739572193,3740000,7103,7199,7199,7135,7135,7135
375,15948,12668,296.007,7138.9631,7180.624345866667,3750000,7103,7199,7199,7167,7167,7167
376,17035,12677,296.594,7226.6189,7180.746671808511,3760000,7103,7199,7199,7231,7231,7231
377,15552,12683,297.237,7118.9108,7180.582650928382,3770000,7135,7199,7199,7135,7135,7135
378,16556,12691,297.841,6946.2185,7179.96263994709,3780000,7167,7199,7199,6975,6975,6975
379,13495,12693,298.582,7012.2818,7179.520210290238,3790000,7167,7199,7199,7039,7039,7039
380,14947,12698,299.252,7112.4205,7179.343632105263,3800000,7167,7199,7199,7135,7135,7135
381,15772,12704,299.887,7007.8546,7178.893529658792,3810000,7167,7199,7199,7007,7007,7007
382,18050,12714,300.441,7076.4477,7178.625346858638,3820000,7167,7199,7199,7103,7103,7103
383,16474,12722,301.048,7026.5385,7178.228253263707,3830000,7167,7199,7199,7039,7039,7039
384,17513,12731,301.619,6784.6856,7177.2034026041665,3840000,7167,7199,7199,6815,6815,6815
385,16339,12738,302.231,6847.1575,7176.34614051948,3850000,7167,7199,7199,6847,6847,6847
386,17391,12747,302.806,6714.8806,7175.150633937824,3860000,7167,7199,7199,6719,6719,6719
387,14265,12750,303.508,6696.8858,7173.91480749354,3870000,7167,7199,7199,6719,6719,6719
388,14388,12754,304.203,6782.2876,7172.905459020619,3880000,7199,7199,7199,6783,6783,6783
389,19493,12765,304.717,6899.2586,7172.201996658097,3890000,7199,7199,7199,6911,6911,6911
390,16694,12773,305.316,6829.5795,7171.323477435897,3900000,7199,7199,7199,6847,6847,6847
391,14492,12777,306.006,6570.0203,7169.785617647059,3910000,7199,7199,7199,6591,6591,6591
392,21052,12790,306.481,6639.6381,7168.433200510204,3920000,7199,7199,7199,6655,6655,6655
393,16233,12797,307.097,6686.961,7167.208080407125,3930000,7199,7199,7199,6687,6687,6687
394,17094,12805,307.682,6525.3539,7165.579008883249,3940000,7199,7199,7199,6527,6527,6527
395,13495,12807,308.423,6676.1451,7164.339935696203,3950000,7199,7199,7199,6687,6687,6687
396,15873,12813,309.053,6714.8233,7163.204792676767,3960000,7199,7199,7199,6719,6719,6719
397,17482,12821,309.625,6641.1607,7161.889820151134,3970000,7199,7199,7199,6655,6655,6655
398,16129,12828,310.245,6681.5332,7160.682893969849,3980000,7199,7199,7199,6687,6687,6687
399,16977,12836,310.834,6698.7831,7159.52525037594,3990000,7199,7199,7199,6719,6719,6719
400,17152,12844,311.417,6609.3402,7158.14978775,4000000,7199,7199,7199,6623,6623,6623
401,16313,12851,312.03,6551.0792,7156.635896009975,4010000,7199,7199,7199,6559,6559,6559
402,10319,12843,313.0,6801.6743,7155.752906965174,4020000,7199,7199,7199,6815,6815,6815
403,13698,12844,313.753,7159.5503,7155.762329776675,4030000,7199,7199,7199,7167,7167,7167
404,16556,12851,314.357,7080.4959,7155.576026732673,4040000,7199,7199,7199,7103,7103,7103
405,18083,12860,314.91,7188.7269,7155.65788074074,4050000,7199,7199,7199,7199,7199,7199
406,17094,12868,315.495,7233.0439,7155.848486699508,4060000,7199,7199,7199,7263,7263,7263
407,16474,12875,316.102,6911.4642,7155.248033906634,4070000,7199,7199,7199,6911,6911,6911
408,17094,12883,316.687,6977.3571,7154.812026715686,4080000,7199,7199,7199,7007,7007,7007
409,19047,12893,317.212,6948.9914,7154.308797799511,4090000,7199,7199,7199,6975,6975,6975
410,16260,12900,317.827,6834.1859,7153.528010243903,4100000,7199,7199,7199,6847,6847,6847
411,17857,12908,318.387,6856.595,7152.805545498783,4110000,7199,7199,7199,6879,6879,6879
412,18050,12917,318.942,6873.4902,7152.127595631068,4120000,7199,7199,7199,6879,6879,6879
413,15873,12923,319.572,6659.3253,7150.934369733656,4130000,7199,7199,7199,6687,6687,6687
414,15748,12929,320.207,6302.0137,7148.883836714976,4140000,7199,7199,7199,6303,6303,6303
415,18621,12938,320.744,6373.271,7147.014890120482,4150000,7199,7199,7199,6399,6399,6399
416,15527,12943,321.388,6348.6107,7145.095649278846,4160000,7199,7199,7199,6367,6367,6367
417,16722,12950,321.986,6317.7319,7143.111563549161,4170000,7199,7199,7199,6335,6335,6335
418,17921,12959,322.544,6384.5149,7141.2967389952155,4180000,7199,7199,7199,6399,6399,6399
419,17953,12968,323.101,6405.4725,7139.54059522673,4190000,7199,7199,7199,6431,6431,6431
420,17574,12976,323.67,6292.9381,7137.524875,4200000,7199,7199,7199,6303,6303,6303
421,15822,12981,324.302,6392.6796,7135.75564631829,4210000,7199,7199,7199,6399,6399,6399
422,17064,12989,324.888,6422.7259,7134.066002369668,4220000,7199,7199,7199,6431,6431,6431
423,16181,12995,325.506,6473.4189,7132.504188888889,4230000,7199,7199,7199,6495,6495,6495
424,15503,13000,326.151,6506.0975,7131.026814622642,4240000,7199,7199,7199,6527,6527,6527
425,21459,13012,326.617,6488.4587,7129.514889647059,4250000,7199,7199,7199,6495,6495,6495
426,15503,13017,327.263,6463.2317,7127.950844600939,4260000,7199,7199,7199,6463,6463,6463
427,15898,13022,327.892,6396.4057,7126.23762412178,4270000,7199,7199,7199,6399,6399,6399
428,18050,13031,328.446,6446.6868,7124.649888551402,4280000,7199,7199,7199,6463,6463,6463
429,15527,13035,329.09,6499.146,7123.191837529138,4290000,7199,7199,7199,6527,6527,6527
430,16835,13042,329.684,6366.6956,7121.432543953489,4300000,7199,7199,7199,6367,6367,6367
431,18726,13051,330.218,6473.1226,7119.928344547564,4310000,7199,7199,7199,6495,6495,6495
432,15923,13057,330.847,6482.899,7118.453739583333,4320000,7199,7199,7199,6495,6495,6495
433,17667,13065,331.413,6406.7458,7116.810072286374,4330000,7199,7199,7199,6431,6431,6431
434,15313,13069,332.066,6478.468,7115.339238018433,4340000,7199,7199,7199,6495,6495,6495
435,18903,13078,332.595,6515.3626,7113.95998137931,4350000,7199,7199,7199,6527,6527,6527
436,15772,13084,333.229,6527.2414,7112.614296559633,4360000,7167,7199,7199,6527,6527,6527
437,16393,13090,333.839,6467.1939,7111.13736201373,4370000,7167,7199,7199,6495,6495,6495
438,19157,13099,334.361,6520.4297,7109.7887143835615,4380000,7167,7199,7199,6527,6527,6527
439,16447,13105,334.969,6532.6368,7108.474017539864,4390000,7167,7199,7199,6559,6559,6559
440,18552,13114,335.508,6320.0473,7106.682138636364,4400000,7167,7199,7199,6335,6335,6335
441,17391,13121,336.083,6386.1594,7105.048300226757,4410000,7167,7199,7199,6399,6399,6399
442,18518,13130,336.623,6392.0618,7103.435208597285,4420000,7167,7199,7199,6399,6399,6399
443,15772,13135,337.257,6277.1765,7101.570064785553,4430000,7167,7199,7199,6303,6303,6303
444,17482,13142,337.829,6368.6708,7099.9193907657655,4440000,7167,7199,7199,6399,6399,6399
445,18761,13151,338.362,6303.2702,7098.129167865169,4450000,7167,7199,7199,6303,6303,6303
446,14245,13153,339.064,6278.041,7096.29040515695,4460000,7167,7199,7199,6303,6303,6303
447,18281,13162,339.611,6299.4801,7094.507831767338,4470000,7167,7199,7199,6303,6303,6303
448,17271,13169,340.191,6282.9421,7092.6963011160715,4480000,7167,7199,7199,6303,6303,6303
449,18484,13177,340.732,6293.7304,7090.916867037862,4490000,7167,7199,7199,6303,6303,6303
450,16611,13183,341.334,6226.5706,7088.996097555556,4500000,7167,7199,7199,6239,6239,6239
451,17857,13191,341.894,6301.4448,7087.249864079823,4510000,7167,7199,7199,6303,6303,6303
452,16103,13196,342.515,6365.9601,7085.654090265487,4520000,7167,7199,7199,6367,6367,6367
453,18691,13205,343.05,6231.2517,7083.767992273731,4530000,7167,7199,7199,6239,6239,6239
454,14836,13208,343.724,6368.5015,7082.192515418502,4540000,7167,7199,7199,6399,6399,6399
455,18552,13216,344.263,6426.1459,7080.750654725275,4550000,7167,7199,7199,6431,6431,6431
456,15822,13221,344.895,6356.5735,7079.162546929824,4560000,7167,7199,7199,6367,6367,6367
457,15037,13224,345.56,6443.6306,7077.771886214442,4570000,7167,7199,7199,6463,6463,6463
458,18867,13233,346.09,6408.3388,7076.310241921397,4580000,7167,7199,7199,6431,6431,6431
459,17482,13240,346.662,6383.6047,7074.801079520697,4590000,7167,7199,7199,6399,6399,6399
460,15673,13245,347.3,6392.0445,7073.316826086956,4600000,7167,7199,7199,6399,6399,6399
461,17513,13252,347.871,6487.0478,7072.0450928416485,4610000,7167,7199,7199,6495,6495,6495
462,15723,13256,348.507,6555.1602,7070.926294372294,4620000,7167,7199,7199,6559,6559,6559
463,15576,13260,349.149,6494.6788,7069.6816993520515,4630000,7167,7199,7199,6495,6495,6495
464,18518,13268,349.689,6588.4975,7068.644664439656,4640000,7167,7199,7199,6591,6591,6591
465,15923,13273,350.317,6596.0562,7067.62834516129,4650000,7167,7199,7199,6623,6623,6623
466,16103,13278,350.938,6479.4308,7066.366118669528,4660000,7167,7199,7199,6495,6495,6495
467,16207,13283,351.555,6611.7709,7065.392681370449,4670000,7167,7199,7199,6623,6623,6623
468,16977,13290,352.144,6614.647,7064.429549572649,4680000,7167,7199,7199,6623,6623,6623
469,14925,13293,352.814,6548.3098,7063.329081023454,4690000,7167,7199,7199,6559,6559,6559
470,12626,13291,353.606,6655.4551,7062.461264042553,4700000,7167,7199,7199,6655,6655,6655
471,12453,13289,354.409,7005.6233,7062.340588959661,4710000,7167,7199,7199,7007,7007,7007
472,2656,13177,358.174,9336.0595,7067.157790042373,4720000,7167,7199,7199,9343,9343,9343
473,10235,13169,359.151,10243.2015,7073.872470190275,4730000,7167,7199,7199,10303,10303,10303
474,15174,13173,359.81,10501.1576,7081.103029535865,4740000,7167,7199,7199,10559,10559,10559
475,8810,13159,360.945,10758.1293,7088.844137473684,4750000,7167,7199,7199,10815,10815,10815
476,17123,13166,361.529,11015.7809,7097.094004621848,4760000,7167,7199,7199,11071,11071,11071
477,17064,13172,362.115,11090.6339,7105.466205660377,4770000,7167,7199,7199,11135,11135,11135
478,9920,13163,363.123,11393.1087,7114.436169037657,4780000,7167,7199,7199,11455,11455,11455
479,12019,13160,363.955,11572.6572,7123.743519832986,4790000,7167,7199,7199,11583,11583,11583
480,11286,13156,364.841,11994.4672,7133.890860833333,4800000,7167,7199,7199,12031,12031,12031
481,16556,13162,365.445,11871.2258,7143.73979002079,4810000,7167,7199,7199,11903,11903,11903
482,15898,13166,366.074,11731.0255,7153.256980290456,4820000,7167,7199,7199,11775,11775,11775
483,16181,13171,366.692,11694.1502,7162.658415527951,4830000,7167,7199,7199,11711,11711,11711
484,16207,13176,367.309,8962.4513,7166.3769958677685,4840000,7167,7199,7199,9023,9023,9023
485,15527,13181,367.953,8324.5122,7168.7649035051545,4850000,7167,7199,7199,8383,8383,8383
486,15527,13185,368.597,8057.2187,7170.592997736626,4860000,7167,7199,7199,8063,8063,8063
487,17331,13191,369.175,7899.262,7172.08923798768,4870000,7167,7199,7199,7903,7903,7903
488,17825,13198,369.736,7710.6973,7173.192943032787,4880000,7167,7199,7199,7711,7711,7711
489,16835,13204,370.33,7019.6987,7172.879048875256,4890000,7167,7199,7199,7039,7039,7039
490,16233,13209,370.947,7069.9826,7172.669056122449,4900000,7199,7199,7199,7071,7071,7071
491,17241,13215,371.527,6976.4953,7172.269516904277,4910000,7199,7199,7199,7007,7007,7007
492,16835,13221,372.121,6690.9085,7171.291140853658,4920000,7199,7199,7199,6719,6719,6719
493,17182,13227,372.703,6635.8108,7170.204973833672,4930000,7199,7199,7199,6655,6655,6655
494,18115,13234,373.255,6494.145,7168.836431376518,4940000,7199,7199,7199,6495,6495,6495
495,17543,13241,373.825,6439.8142,7167.363659191919,4950000,7199,7199,7199,6463,6463,6463
496,14858,13244,374.498,6422.7344,7165.862390524194,4960000,7199,7199,7199,6431,6431,6431
497,17452,13250,375.071,6437.913,7164.39770362173,4970000,7199,7199,7199,6463,6463,6463
498,16181,13255,375.69,6458.5185,7162.980275502008,4980000,7199,7199,7199,6463,6463,6463
499,18214,13262,376.239,6369.5129,7161.390160521042,4990000,7199,7199,7199,6399,6399,6399
500,16977,13268,376.828,6423.1433,7159.9136668,5000000,7199,7199,7199,6431,6431,6431
501,16835,13274,377.422,6418.2451,7158.4332904191615,5010000,7199,7199,7199,6431,6431,6431
502,16233,13279,378.038,6310.7785,7156.744735059761,5020000,7199,7199,7199,6335,6335,6335
503,15772,13283,378.672,6487.8313,7155.414887276342,5030000,7199,7199,7199,6495,6495,6495
504,20120,13292,379.169,6496.4311,7154.107379761905,5040000,7199,7199,7199,6527,6527,6527
505,17094,13298,379.754,6405.6493,7152.625284554455,5050000,7199,7199,7199,6431,6431,6431
506,17825,13304,380.315,6374.5688,7151.087623517787,5060000,7199,7199,7199,6399,6399,6399
507,17452,13310,380.888,6400.4409,7149.607057988165,5070000,7199,7199,7199,6431,6431,6431
508,17421,13317,381.463,6337.517,7148.008455511811,5080000,7199,7199,7199,6367,6367,6367
509,16313,13321,382.077,6176.8849,7146.100550687623,5090000,7199,7199,7199,6207,6207,6207
510,19417,13330,382.592,6269.5952,7144.381912745098,5100000,7199,7199,7199,6271,6271,6271
511,17574,13336,383.161,6316.9226,7142.762618590998,5110000,7199,7199,7199,6335,6335,6335
512,15408,13339,383.81,6254.0013,7141.026756640625,5120000,7199,7199,7199,6271,6271,6271
513,17793,13346,384.372,6344.1456,7139.473382066277,5130000,7199,7199,7199,6367,6367,6367
514,18939,13354,384.9,6327.1659,7137.893017315175,5140000,7199,7199,7199,6335,6335,6335
515,18248,13361,385.448,6193.5468,7136.059335339806,5150000,7199,7199,7199,6207,6207,6207
516,15748,13365,386.083,6242.635,7134.327892829458,5160000,7199,7199,7199,6271,6271,6271
517,18691,13372,386.618,6255.4009,7132.627840618956,5170000,7199,7199,7199,6271,6271,6271
518,17699,13378,387.183,6212.7266,7130.85196949807,5180000,7199,7199,7199,6239,6239,6239
519,16233,13383,387.799,6233.4992,7129.122966088632,5190000,7199,7199,7199,6239,6239,6239
520,17543,13389,388.369,6290.1306,7127.509519230769,5200000,7199,7199,7199,6303,6303,6303
521,15873,13393,388.999,6357.8114,7126.03217159309,5210000,7199,7199,7199,6367,6367,6367
522,17006,13398,389.587,6287.785,7124.426334099617,5220000,7199,7199,7199,6303,6303,6303
523,18832,13406,390.119,6355.1731,7122.955486615679,5230000,7199,7199,7199,6367,6367,6367
524,17094,13411,390.704,6392.4761,7121.5614419847325,5240000,7199,7199,7199,6399,6399,6399
525,17006,13417,391.292,6180.6518,7119.769233142857,5250000,7199,7199,7199,6207,6207,6207
526,17667,13423,391.858,6313.1315,7118.235701330798,5260000,7199,7199,7199,6335,6335,6335
527,17857,13429,392.418,6334.7951,7116.749096774193,5270000,7199,7199,7199,6335,6335,6335
528,17331,13435,392.995,6281.0182,7115.1662731060605,5280000,7199,7199,7199,6303,6303,6303
529,16447,13439,393.603,6316.9316,7113.657322873346,5290000,7199,7199,7199,6335,6335,6335
530,20242,13448,394.097,6315.6688,7112.151684150944,5300000,7199,7199,7199,6335,6335,6335
531,16447,13453,394.705,6250.0342,7110.528110734464,5310000,7199,7199,7199,6271,6271,6271
532,18867,13460,395.235,6205.7261,7108.827355075188,5320000,7199,7199,7199,6207,6207,6207
533,17331,13465,395.812,6211.5562,7107.143919512195,5330000,7199,7199,7199,6239,6239,6239
534,17271,13471,396.391,6225.5956,7105.493079962547,5340000,7199,7199,7199,6239,6239,6239
535,17421,13477,396.965,6063.579,7103.545577009346,5350000,7199,7199,7199,6079,6079,6079
536,17730,13483,397.529,6158.8307,7101.783049253731,5360000,7167,7199,7199,6175,6175,6175
537,16155,13487,398.148,6202.9756,7100.10929236499,5370000,7167,7199,7199,6207,6207,6207
538,18726,13494,398.682,6135.1167,7098.3156258364315,5380000,7167,7199,7199,6143,6143,6143
539,15552,13497,399.325,6237.7731,7096.719071985158,5390000,7167,7199,7199,6239,6239,6239
540,16835,13502,399.92,6305.9527,7095.254689814815,5400000,7167,7199,7199,6335,6335,6335
541,16447,13507,400.528,6297.2305,7093.779598890943,5410000,7167,7199,7199,6303,6303,6303
542,17543,13512,401.098,6304.2398,7092.322883394834,5420000,7167,7199,7199,6335,6335,6335
543,20449,13521,401.587,6288.0757,7090.8417651933705,5430000,7167,7199,7199,6303,6303,6303
544,15974,13525,402.213,6302.2747,7089.392193382353,5440000,7167,7199,7199,6303,6303,6303
545,19569,13532,402.724,6240.8398,7087.835216513761,5450000,7167,7199,7199,6271,6271,6271
546,17094,13538,403.309,6294.8281,7086.382822527473,5460000,7167,7199,7199,6303,6303,6303
547,17667,13543,403.875,6346.2619,7085.029767824497,5470000,7167,7199,7199,6367,6367,6367
548,16556,13548,404.479,6303.3901,7083.603418065693,5480000,7167,7199,7199,6303,6303,6303
549,17182,13553,405.061,6378.0765,7082.3183052823315,5490000,7167,7199,7199,6399,6399,6399
550,16806,13558,405.657,6306.6646,7080.908025818182,5500000,7167,7199,7199,6335,6335,6335
551,15337,13561,406.31,6254.7017,7079.408558802178,5510000,7167,7199,7199,6271,6271,6271
552,15128,13563,406.971,6372.0534,7078.127118297101,5520000,7167,7199,7199,6399,6399,6399
553,18214,13569,407.52,6363.5719,7076.834975045208,5530000,7167,7199,7199,6367,6367,6367
554,17301,13575,408.098,6376.5094,7075.570849458484,5540000,7167,7199,7199,6399,6399,6399
555,16207,13579,408.715,6386.06,7074.328487567567,5550000,7167,7199,7199,6399,6399,6399
556,19960,13586,409.216,6430.3587,7073.17026852518,5560000,7167,7199,7199,6431,6431,6431
557,16891,13591,409.808,6430.8245,7072.017044524237,5570000,7167,7199,7199,6431,6431,6431
558,16806,13596,410.403,6399.7692,7070.812299283154,5580000,7167,7199,7199,6399,6399,6399
559,16722,13600,411.001,6416.5275,7069.641843470483,5590000,7167,7199,7199,6431,6431,6431
560,18518,13607,411.541,6500.3698,7068.62528625,5600000,7167,7199,7199,6527,6527,6527
561,15267,13609,412.197,6364.638,7067.370406951872,5610000,7167,7199,7199,6367,6367,6367
562,17921,13615,412.755,6443.2658,7066.259900533808,5620000,7167,7199,7199,6463,6463,6463
563,18552,13622,413.294,6338.5992,7064.967430373002,5630000,7167,7199,7199,6367,6367,6367
564,15197,13624,413.952,6261.7942,7063.5433643617025,5640000,7167,7199,7199,6271,6271,6271
565,17241,13629,414.532,6297.5798,7062.187676637168,5650000,7167,7199,7199,6303,6303,6303
566,16694,13634,415.131,6361.9737,7060.950549469964,5660000,7167,7199,7199,6367,6367,6367
567,15698,13637,415.768,6376.1789,7059.742839329806,5670000,7167,7199,7199,6399,6399,6399
568,16611,13641,416.37,6345.1351,7058.484727112676,5680000,7167,7199,7199,6367,6367,6367
569,15060,13643,417.034,6474.6701,7057.45869086116,5690000,7167,7199,7199,6495,6495,6495
570,15243,13646,417.69,6614.0311,7056.680747719298,5700000,7167,7199,7199,6623,6623,6623
571,18281,13652,418.237,6443.6292,7055.607102276707,5710000,7167,7199,7199,6463,6463,6463
572,16313,13656,418.85,6501.2876,7054.638012237762,5720000,7167,7199,7199,6527,6527,6527
573,16155,13660,419.469,6604.3584,7053.852183944154,5730000,7167,7199,7199,6623,6623,6623
574,14925,13662,420.14,6692.5375,7053.222715853659,5740000,7167,7199,7199,6719,6719,6719
575,14992,13664,420.807,6760.9195,7052.714362434783,5750000,7167,7199,7199,6783,6783,6783
576,17543,13669,421.377,6732.2614,7052.158020486111,5760000,7167,7199,7199,6751,6751,6751
577,12738,13667,422.162,6758.0602,7051.648318890814,5770000,7167,7199,7199,6783,6783,6783
578,17953,13673,422.719,6853.5665,7051.305616782007,5780000,7167,7199,7199,6879,6879,6879
579,15432,13676,423.368,6932.57,7051.100546632124,5790000,7167,7199,7199,6943,6943,6943
580,13927,13676,424.087,6963.4765,7050.949470689655,5800000,7167,7199,7199,6975,6975,6975
581,16863,13680,424.681,6835.1161,7050.577984681583,5810000,7167,7199,7199,6847,6847,6847
582,15898,13684,425.31,6965.839,7050.432385051547,5820000,7167,7199,7199,6975,6975,6975
583,14430,13685,426.003,7033.8983,7050.404024699828,5830000,7167,7199,7199,7039,7039,7039
584,15723,13688,426.639,6908.8463,7050.161631335616,5840000,7167,7199,7199,6911,6911,6911
585,16286,13692,427.253,6966.3071,7050.01829025641,5850000,7167,7199,7199,6975,6975,6975
586,16722,13696,427.851,7000.6511,7049.934045904437,5860000,7167,7199,7199,7007,7007,7007
587,18903,13702,428.38,6906.6695,7049.689983645656,5870000,7167,7199,7199,6911,6911,6911
588,15698,13705,429.017,6841.3394,7049.335645918367,5880000,7167,7199,7199,6847,6847,6847
589,15923,13708,429.645,6726.4787,7048.787501697793,5890000,7167,7199,7199,6751,6751,6751
590,15037,13711,430.31,6734.1502,7048.254218135593,5900000,7167,7199,7199,6751,6751,6751
591,17035,13715,430.897,6661.6439,7047.600055160745,5910000,7167,7199,7199,6687,6687,6687
592,17793,13720,431.459,6707.0354,7047.024777027027,5920000,7167,7199,7199,6719,6719,6719
593,15673,13723,432.097,6753.6044,7046.529970320405,5930000,7167,7199,7199,6783,6783,6783
594,14925,13725,432.767,6650.4459,7045.863162121213,5940000,7167,7199,7199,6655,6655,6655
595,17182,13730,433.35,6704.0453,7045.288678319328,5950000,7167,7199,7199,6719,6719,6719
596,15923,13733,433.978,6756.2886,7044.80377885906,5960000,7167,7199,7199,6783,6783,6783
597,12547,13731,434.775,6672.3545,7044.179910720268,5970000,7167,7199,7199,6687,6687,6687
598,15527,13733,435.419,6877.822,7043.901720234114,5980000,7167,7199,7199,6879,6879,6879
599,16366,13737,436.03,6972.5703,7043.7826360601,5990000,7167,7199,7199,6975,6975,6975
600,15797,13740,436.663,6898.4402,7043.540398666667,6000000,7167,7199,7199,6911,6911,6911
601,16835,13744,437.257,6830.0651,7043.185198502496,6010000,7167,7199,7199,6847,6847,6847
602,12019,13741,438.089,6984.9272,7043.0884244186045,6020000,7167,7199,7199,7007,7007,7007
603,16666,13745,438.689,7152.6275,7043.270081260365,6030000,7167,7199,7199,7167,7167,7167
604,13333,13744,439.439,7111.6133,7043.383232284768,6040000,7167,7199,7199,7135,7135,7135
605,18214,13750,439.988,7198.0816,7043.638932066116,6050000,7167,7199,7199,7199,7199,7199
606,17793,13755,440.55,7172.7663,7043.852013531353,6060000,7167,7199,7199,7199,7199,7199
607,15847,13758,441.181,6973.0824,7043.735424382207,6070000,7167,7199,7199,6975,6975,6975
608,16000,13761,441.806,6900.2586,7043.499442763158,6080000,7167,7199,7199,6911,6911,6911
609,18050,13767,442.36,6858.4802,7043.195634482759,6090000,7167,7199,7199,6879,6879,6879
610,16556,13770,442.964,6756.824,7042.726172786885,6100000,7167,7199,7199,6783,6783,6783
611,16977,13775,443.553,6784.7863,7042.304012602292,6110000,7167,7199,7199,6815,6815,6815
612,17331,13779,444.13,6752.3968,7041.830308006536,6120000,7167,7199,7199,6783,6783,6783
613,16051,13782,444.753,6595.0329,7041.101437846656,6130000,7167,7199,7199,6623,6623,6623
614,12919,13781,445.527,6554.5987,7040.309088110749,6140000,7167,7199,7199,6559,6559,6559
615,11441,13776,446.401,6960.2802,7040.178959837398,6150000,7167,7199,7199,6975,6975,6975
616,14641,13778,447.084,6997.2547,7040.109277597403,6160000,7167,7199,7199,7007,7007,7007
617,18484,13783,447.625,6840.8803,7039.786378119935,6170000,7167,7199,7199,6847,6847,6847
618,16260,13787,448.24,6956.4099,7039.651464724919,6180000,7167,7199,7199,6975,6975,6975
619,15552,13789,448.883,7031.9034,7039.638947657512,6190000,7167,7199,7199,7039,7039,7039
620,17482,13794,449.455,6894.0372,7039.404106129033,6200000,7167,7199,7199,6911,6911,6911
621,14925,13796,450.125,7061.4958,7039.439680515298,6210000,7167,7199,7199,7071,7071,7071
622,19011,13802,450.651,7036.5309,7039.435004019293,6220000,7167,7199,7199,7039,7039,7039
623,16977,13806,451.24,6994.8984,7039.363516693419,6230000,7167,7199,7199,7007,7007,7007
624,17391,13810,451.815,6999.545,7039.299704967949,6240000,7167,7199,7199,7007,7007,7007
625,20040,13817,452.315,7033.5734,7039.29054288,6250000,7167,7199,7199,7039,7039,7039
626,14204,13818,453.019,6867.7381,7039.0164974440895,6260000,7167,7199,7199,6879,6879,6879
627,17605,13823,453.587,6503.1559,7038.1618553429025,6270000,7167,7199,7199,6527,6527,6527
628,16638,13826,454.189,6564.1496,7037.407058757962,6280000,7167,7199,7199,6591,6591,6591
629,15797,13829,454.822,6563.78,7036.654074562798,6290000,7167,7199,7199,6591,6591,6591
630,17921,13834,455.38,6420.0277,7035.675302539683,6300000,7167,7199,7199,6431,6431,6431
631,18248,13839,455.928,6495.2297,7034.818811885895,6310000,7167,7199,7199,6495,6495,6495
632,16286,13843,456.542,6426.0456,7033.855563132912,6320000,7167,7199,7199,6431,6431,6431
633,8237,13828,457.756,6771.088,7033.44044849921,6330000,7167,7199,7199,6783,6783,6783
634,8733,13815,458.901,7264.3561,7033.804668769716,6340000,7167,7199,7199,7295,7295,7295
635,15243,13817,459.557,7634.6744,7034.75092031496,6350000,7167,7199,7199,7647,7647,7647
636,16474,13821,460.164,7634.7777,7035.694358647799,6360000,7167,7199,7199,7647,7647,7647
637,9560,13811,461.21,7896.7919,7037.046160125588,6370000,7167,7199,7199,7903,7903,7903
638,19841,13818,461.714,8137.8416,7038.771544827586,6380000,7167,7199,7199,8159,8159,8159
639,16051,13821,462.337,8111.2606,7040.449931455399,6390000,7167,7199,7199,8127,8127,8127
640,17035,13825,462.924,7988.1861,7041.93076921875,6400000,7167,7199,7199,7999,7999,7999
641,18691,13830,463.459,8028.822,7043.470381123245,6410000,7167,7199,7199,8031,8031,8031
642,16638,13834,464.06,8056.8886,7045.048914174455,6420000,7167,7199,7199,8063,8063,8063
643,17636,13839,464.627,7946.1624,7046.450334836703,6430000,7167,7199,7199,7967,7967,7967
644,15360,13841,465.278,7945.2838,7047.846038975155,6440000,7167,7199,7199,7967,7967,7967
645,19455,13847,465.793,7513.9115,7048.568621085271,6450000,7167,7199,7199,7519,7519,7519
646,12870,13845,466.57,6980.2816,7048.462913622291,6460000,7167,7199,7199,7007,7007,7007
647,16025,13848,467.194,6986.0419,7048.366436012365,6470000,7167,7199,7199,7007,7007,7007
648,18975,13854,467.722,6727.8278,7047.871777623457,6480000,7167,7199,7199,6751,6751,6751
649,15151,13856,468.382,6674.5241,7047.29651155624,6490000,7167,7199,7199,6687,6687,6687
650,17482,13860,468.954,6512.993,7046.474506153846,6500000,7167,7199,7199,6527,6527,6527
651,17123,13864,469.538,6544.6023,7045.70358110599,6510000,7167,7199,7199,6559,6559,6559
652,17636,13869,470.105,6566.4887,7044.9685889570555,6520000,7167,7199,7199,6591,6591,6591
653,16474,13872,470.713,6509.7518,7044.148961408882,6530000,7167,7199,7199,6527,6527,6527
654,16556,13876,471.317,6610.702,7043.486198470948,6540000,7167,7199,7199,6623,6623,6623
655,16260,13879,471.932,6661.5315,7042.9030615267175,6550000,7167,7199,7199,6687,6687,6687
656,17857,13883,472.492,6555.6721,7042.160331402439,6560000,7167,7199,7199,6559,6559,6559
657,14224,13884,473.195,6665.0404,7041.586328462709,6570000,7167,7199,7199,6687,6687,6687
658,14556,13885,473.882,6645.4783,7040.984340577507,6580000,7167,7199,7199,6655,6655,6655
